<?xml version="1.0"?>
<doc>
    <assembly>
        <name>Torch.Server</name>
    </assembly>
    <members>
        <member name="T:Torch.Server.FlowDocumentTarget">
            <summary>
            NLog target that writes to a <see cref="T:System.Windows.Documents.FlowDocument"/>.
            </summary>
        </member>
        <member name="M:Torch.Server.FlowDocumentTarget.Write(NLog.LogEventInfo)">
            <inheritdoc />
        </member>
        <member name="T:Torch.Server.Managers.EntityControlManager">
            <summary>
            Manager that lets users bind random view models to entities in Torch's Entity Manager
            </summary>
        </member>
        <member name="M:Torch.Server.Managers.EntityControlManager.#ctor(Torch.API.ITorchBase)">
            <summary>
            Creates an entity control manager for the given instance of torch
            </summary>
            <param name="torchInstance">Torch instance</param>
        </member>
        <member name="P:Torch.Server.Managers.EntityControlManager.ModelFactory.Keys">
            <summary>
            Warning: Creates a giant list, avoid if possible.
            </summary>
        </member>
        <member name="M:Torch.Server.Managers.EntityControlManager.RegisterModelFactory``1(System.Func{``0,Torch.Server.ViewModels.Entities.EntityControlViewModel})">
            <summary>
            This factory will be used to create component models for matching entity models.
            </summary>
            <typeparam name="TEntityBaseModel">entity model type to match</typeparam>
            <param name="modelFactory">Method to create component model from entity model.</param>
        </member>
        <member name="M:Torch.Server.Managers.EntityControlManager.UnregisterModelFactory``1(System.Func{``0,Torch.Server.ViewModels.Entities.EntityControlViewModel})">
            <summary>
            Unregisters a factory registered with <see cref="M:Torch.Server.Managers.EntityControlManager.RegisterModelFactory``1(System.Func{``0,Torch.Server.ViewModels.Entities.EntityControlViewModel})"/>
            </summary>
            <typeparam name="TEntityBaseModel">entity model type to match</typeparam>
            <param name="modelFactory">Method to create component model from entity model.</param>
        </member>
        <member name="M:Torch.Server.Managers.EntityControlManager.RegisterControlFactory``1(System.Func{``0,System.Windows.Controls.Control})">
            <summary>
            This factory will be used to create controls for matching view models.
            </summary>
            <typeparam name="TEntityComponentModel">component model to match</typeparam>
            <param name="controlFactory">Method to create control from component model</param>
        </member>
        <member name="M:Torch.Server.Managers.EntityControlManager.UnregisterControlFactory``1(System.Func{``0,System.Windows.Controls.Control})">
            <summary>
             Unregisters a factory registered with <see cref="M:Torch.Server.Managers.EntityControlManager.RegisterControlFactory``1(System.Func{``0,System.Windows.Controls.Control})"/>
             </summary>
             <typeparam name="TEntityComponentModel">component model to match</typeparam>
             <param name="controlFactory">Method to create control from component model</param>
        </member>
        <member name="M:Torch.Server.Managers.EntityControlManager.BoundModels(Torch.Server.ViewModels.Entities.EntityViewModel)">
            <summary>
            Gets the models bound to the given entity view model.
            </summary>
            <param name="entity">view model to query</param>
            <returns></returns>
        </member>
        <member name="M:Torch.Server.Managers.EntityControlManager.CreateControl(Torch.Server.ViewModels.Entities.EntityControlViewModel)">
            <summary>
            Gets a control for the given view model type.
            </summary>
            <param name="model">model to create a control for</param>
            <returns>control, or null if none</returns>
        </member>
        <member name="P:Torch.Server.Managers.MultiplayerManagerDedicated.BannedPlayers">
            <inheritdoc />
        </member>
        <member name="M:Torch.Server.Managers.MultiplayerManagerDedicated.#ctor(Torch.API.ITorchBase)">
            <inheritdoc />
        </member>
        <member name="M:Torch.Server.Managers.MultiplayerManagerDedicated.KickPlayer(System.UInt64)">
            <inheritdoc />
        </member>
        <member name="M:Torch.Server.Managers.MultiplayerManagerDedicated.BanPlayer(System.UInt64,System.Boolean)">
            <inheritdoc />
        </member>
        <member name="M:Torch.Server.Managers.MultiplayerManagerDedicated.PromoteUser(System.UInt64)">
            <inheritdoc />
        </member>
        <member name="M:Torch.Server.Managers.MultiplayerManagerDedicated.DemoteUser(System.UInt64)">
            <inheritdoc />
        </member>
        <member name="M:Torch.Server.Managers.MultiplayerManagerDedicated.GetUserPromoteLevel(System.UInt64)">
            <inheritdoc />
        </member>
        <member name="M:Torch.Server.Managers.MultiplayerManagerDedicated.IsBanned(System.UInt64)">
            <inheritdoc />
        </member>
        <member name="E:Torch.Server.Managers.MultiplayerManagerDedicated.PlayerKicked">
            <inheritdoc />
        </member>
        <member name="E:Torch.Server.Managers.MultiplayerManagerDedicated.PlayerBanned">
            <inheritdoc />
        </member>
        <member name="E:Torch.Server.Managers.MultiplayerManagerDedicated.PlayerPromoted">
            <inheritdoc />
        </member>
        <member name="M:Torch.Server.Managers.MultiplayerManagerDedicated.Attach">
            <inheritdoc/>
        </member>
        <member name="M:Torch.Server.Managers.MultiplayerManagerDedicated.Detach">
            <inheritdoc/>
        </member>
        <member name="M:Torch.Server.Managers.InstanceManager.ValidateInstance(System.String)">
            <summary>
            Ensures that the given path is a valid server instance.
            </summary>
        </member>
        <member name="T:Torch.Server.Managers.ValidateAuthTicketEvent">
            <summary>
            Event that occurs when a player tries to connect to a dedicated server.
            Use these values to choose a <see cref="F:Torch.Server.Managers.ValidateAuthTicketEvent.FutureVerdict"/>, 
            or leave it unset to allow the default logic to handle the request.
            </summary>
        </member>
        <member name="F:Torch.Server.Managers.ValidateAuthTicketEvent.SteamID">
            <summary>
            SteamID of the player
            </summary>
        </member>
        <member name="F:Torch.Server.Managers.ValidateAuthTicketEvent.SteamOwner">
            <summary>
            SteamID of the game owner
            </summary>
        </member>
        <member name="F:Torch.Server.Managers.ValidateAuthTicketEvent.SteamResponse">
            <summary>
            The response from steam
            </summary>
        </member>
        <member name="F:Torch.Server.Managers.ValidateAuthTicketEvent.Group">
            <summary>
            ID of the queried group, or <c>0</c> if no group.
            </summary>
        </member>
        <member name="F:Torch.Server.Managers.ValidateAuthTicketEvent.Member">
            <summary>
            Is this person a member of <see cref="F:Torch.Server.Managers.ValidateAuthTicketEvent.Group"/>.  If no group this is true.
            </summary>
        </member>
        <member name="F:Torch.Server.Managers.ValidateAuthTicketEvent.Officer">
            <summary>
            Is this person an officer of <see cref="F:Torch.Server.Managers.ValidateAuthTicketEvent.Group"/>.  If no group this is false.
            </summary>
        </member>
        <member name="F:Torch.Server.Managers.ValidateAuthTicketEvent.FutureVerdict">
            <summary>
            A future verdict on this authorization request.  If null, let the default logic choose.  If not async use <see cref="M:System.Threading.Tasks.Task.FromResult``1(``0)"/>
            </summary>
        </member>
        <member name="P:Torch.Server.Managers.ValidateAuthTicketEvent.Cancelled">
            <inheritdoc/>
        </member>
        <member name="M:Torch.Server.Managers.RemoteAPIManager.#ctor(Torch.API.ITorchBase)">
            <inheritdoc />
        </member>
        <member name="M:Torch.Server.Managers.RemoteAPIManager.Attach">
            <inheritdoc />
        </member>
        <member name="M:Torch.Server.Managers.RemoteAPIManager.Detach">
            <inheritdoc />
        </member>
        <member name="T:Torch.Server.Annotations.CanBeNullAttribute">
            <summary>
            Indicates that the value of the marked element could be <c>null</c> sometimes,
            so the check for <c>null</c> is necessary before its usage.
            </summary>
            <example><code>
            [CanBeNull] object Test() => null;
            
            void UseTest() {
              var p = Test();
              var s = p.ToString(); // Warning: Possible 'System.NullReferenceException'
            }
            </code></example>
        </member>
        <member name="T:Torch.Server.Annotations.NotNullAttribute">
            <summary>
            Indicates that the value of the marked element could never be <c>null</c>.
            </summary>
            <example><code>
            [NotNull] object Foo() {
              return null; // Warning: Possible 'null' assignment
            }
            </code></example>
        </member>
        <member name="T:Torch.Server.Annotations.ItemNotNullAttribute">
            <summary>
            Can be appplied to symbols of types derived from IEnumerable as well as to symbols of Task
            and Lazy classes to indicate that the value of a collection item, of the Task.Result property
            or of the Lazy.Value property can never be null.
            </summary>
        </member>
        <member name="T:Torch.Server.Annotations.ItemCanBeNullAttribute">
            <summary>
            Can be appplied to symbols of types derived from IEnumerable as well as to symbols of Task
            and Lazy classes to indicate that the value of a collection item, of the Task.Result property
            or of the Lazy.Value property can be null.
            </summary>
        </member>
        <member name="T:Torch.Server.Annotations.StringFormatMethodAttribute">
            <summary>
            Indicates that the marked method builds string by format pattern and (optional) arguments.
            Parameter, which contains format string, should be given in constructor. The format string
            should be in <see cref="M:System.String.Format(System.IFormatProvider,System.String,System.Object[])"/>-like form.
            </summary>
            <example><code>
            [StringFormatMethod("message")]
            void ShowError(string message, params object[] args) { /* do something */ }
            
            void Foo() {
              ShowError("Failed: {0}"); // Warning: Non-existing argument in format string
            }
            </code></example>
        </member>
        <member name="M:Torch.Server.Annotations.StringFormatMethodAttribute.#ctor(System.String)">
            <param name="formatParameterName">
            Specifies which parameter of an annotated method should be treated as format-string
            </param>
        </member>
        <member name="T:Torch.Server.Annotations.ValueProviderAttribute">
            <summary>
            For a parameter that is expected to be one of the limited set of values.
            Specify fields of which type should be used as values for this parameter.
            </summary>
        </member>
        <member name="T:Torch.Server.Annotations.InvokerParameterNameAttribute">
            <summary>
            Indicates that the function argument should be string literal and match one
            of the parameters of the caller function. For example, ReSharper annotates
            the parameter of <see cref="T:System.ArgumentNullException"/>.
            </summary>
            <example><code>
            void Foo(string param) {
              if (param == null)
                throw new ArgumentNullException("par"); // Warning: Cannot resolve symbol
            }
            </code></example>
        </member>
        <member name="T:Torch.Server.Annotations.NotifyPropertyChangedInvocatorAttribute">
             <summary>
             Indicates that the method is contained in a type that implements
             <c>System.ComponentModel.INotifyPropertyChanged</c> interface and this method
             is used to notify that some property value changed.
             </summary>
             <remarks>
             The method should be non-static and conform to one of the supported signatures:
             <list>
             <item><c>NotifyChanged(string)</c></item>
             <item><c>NotifyChanged(params string[])</c></item>
             <item><c>NotifyChanged{T}(Expression{Func{T}})</c></item>
             <item><c>NotifyChanged{T,U}(Expression{Func{T,U}})</c></item>
             <item><c>SetProperty{T}(ref T, T, string)</c></item>
             </list>
             </remarks>
             <example><code>
             public class Foo : INotifyPropertyChanged {
               public event PropertyChangedEventHandler PropertyChanged;
             
               [NotifyPropertyChangedInvocator]
               protected virtual void NotifyChanged(string propertyName) { ... }
            
               string _name;
             
               public string Name {
                 get { return _name; }
                 set { _name = value; NotifyChanged("LastName"); /* Warning */ }
               }
             }
             </code>
             Examples of generated notifications:
             <list>
             <item><c>NotifyChanged("Property")</c></item>
             <item><c>NotifyChanged(() =&gt; Property)</c></item>
             <item><c>NotifyChanged((VM x) =&gt; x.Property)</c></item>
             <item><c>SetProperty(ref myField, value, "Property")</c></item>
             </list>
             </example>
        </member>
        <member name="T:Torch.Server.Annotations.ContractAnnotationAttribute">
            <summary>
            Describes dependency between method input and output.
            </summary>
            <syntax>
            <p>Function Definition Table syntax:</p>
            <list>
            <item>FDT      ::= FDTRow [;FDTRow]*</item>
            <item>FDTRow   ::= Input =&gt; Output | Output &lt;= Input</item>
            <item>Input    ::= ParameterName: Value [, Input]*</item>
            <item>Output   ::= [ParameterName: Value]* {halt|stop|void|nothing|Value}</item>
            <item>Value    ::= true | false | null | notnull | canbenull</item>
            </list>
            If method has single input parameter, it's name could be omitted.<br/>
            Using <c>halt</c> (or <c>void</c>/<c>nothing</c>, which is the same) for method output
            means that the methos doesn't return normally (throws or terminates the process).<br/>
            Value <c>canbenull</c> is only applicable for output parameters.<br/>
            You can use multiple <c>[ContractAnnotation]</c> for each FDT row, or use single attribute
            with rows separated by semicolon. There is no notion of order rows, all rows are checked
            for applicability and applied per each program state tracked by R# analysis.<br/>
            </syntax>
            <examples><list>
            <item><code>
            [ContractAnnotation("=&gt; halt")]
            public void TerminationMethod()
            </code></item>
            <item><code>
            [ContractAnnotation("halt &lt;= condition: false")]
            public void Assert(bool condition, string text) // regular assertion method
            </code></item>
            <item><code>
            [ContractAnnotation("s:null =&gt; true")]
            public bool IsNullOrEmpty(string s) // string.IsNullOrEmpty()
            </code></item>
            <item><code>
            // A method that returns null if the parameter is null,
            // and not null if the parameter is not null
            [ContractAnnotation("null =&gt; null; notnull =&gt; notnull")]
            public object Transform(object data) 
            </code></item>
            <item><code>
            [ContractAnnotation("=&gt; true, result: notnull; =&gt; false, result: null")]
            public bool TryParse(string s, out Person result)
            </code></item>
            </list></examples>
        </member>
        <member name="T:Torch.Server.Annotations.LocalizationRequiredAttribute">
            <summary>
            Indicates that marked element should be localized or not.
            </summary>
            <example><code>
            [LocalizationRequiredAttribute(true)]
            class Foo {
              string str = "my string"; // Warning: Localizable string
            }
            </code></example>
        </member>
        <member name="T:Torch.Server.Annotations.CannotApplyEqualityOperatorAttribute">
            <summary>
            Indicates that the value of the marked type (or its derivatives)
            cannot be compared using '==' or '!=' operators and <c>Equals()</c>
            should be used instead. However, using '==' or '!=' for comparison
            with <c>null</c> is always permitted.
            </summary>
            <example><code>
            [CannotApplyEqualityOperator]
            class NoEquality { }
            
            class UsesNoEquality {
              void Test() {
                var ca1 = new NoEquality();
                var ca2 = new NoEquality();
                if (ca1 != null) { // OK
                  bool condition = ca1 == ca2; // Warning
                }
              }
            }
            </code></example>
        </member>
        <member name="T:Torch.Server.Annotations.BaseTypeRequiredAttribute">
            <summary>
            When applied to a target attribute, specifies a requirement for any type marked
            with the target attribute to implement or inherit specific type or types.
            </summary>
            <example><code>
            [BaseTypeRequired(typeof(IComponent)] // Specify requirement
            class ComponentAttribute : Attribute { }
            
            [Component] // ComponentAttribute requires implementing IComponent interface
            class MyComponent : IComponent { }
            </code></example>
        </member>
        <member name="T:Torch.Server.Annotations.UsedImplicitlyAttribute">
            <summary>
            Indicates that the marked symbol is used implicitly (e.g. via reflection, in external library),
            so this symbol will not be marked as unused (as well as by other usage inspections).
            </summary>
        </member>
        <member name="T:Torch.Server.Annotations.MeansImplicitUseAttribute">
            <summary>
            Should be used on attributes and causes ReSharper to not mark symbols marked with such attributes
            as unused (as well as by other usage inspections)
            </summary>
        </member>
        <member name="F:Torch.Server.Annotations.ImplicitUseKindFlags.Access">
            <summary>Only entity marked with attribute considered used.</summary>
        </member>
        <member name="F:Torch.Server.Annotations.ImplicitUseKindFlags.Assign">
            <summary>Indicates implicit assignment to a member.</summary>
        </member>
        <member name="F:Torch.Server.Annotations.ImplicitUseKindFlags.InstantiatedWithFixedConstructorSignature">
            <summary>
            Indicates implicit instantiation of a type with fixed constructor signature.
            That means any unused constructor parameters won't be reported as such.
            </summary>
        </member>
        <member name="F:Torch.Server.Annotations.ImplicitUseKindFlags.InstantiatedNoFixedConstructorSignature">
            <summary>Indicates implicit instantiation of a type.</summary>
        </member>
        <member name="T:Torch.Server.Annotations.ImplicitUseTargetFlags">
            <summary>
            Specify what is considered used implicitly when marked
            with <see cref="T:Torch.Server.Annotations.MeansImplicitUseAttribute"/> or <see cref="T:Torch.Server.Annotations.UsedImplicitlyAttribute"/>.
            </summary>
        </member>
        <member name="F:Torch.Server.Annotations.ImplicitUseTargetFlags.Members">
            <summary>Members of entity marked with attribute are considered used.</summary>
        </member>
        <member name="F:Torch.Server.Annotations.ImplicitUseTargetFlags.WithMembers">
            <summary>Entity marked with attribute and all its members considered used.</summary>
        </member>
        <member name="T:Torch.Server.Annotations.PublicAPIAttribute">
            <summary>
            This attribute is intended to mark publicly available API
            which should not be removed and so is treated as used.
            </summary>
        </member>
        <member name="T:Torch.Server.Annotations.InstantHandleAttribute">
            <summary>
            Tells code analysis engine if the parameter is completely handled when the invoked method is on stack.
            If the parameter is a delegate, indicates that delegate is executed while the method is executed.
            If the parameter is an enumerable, indicates that it is enumerated while the method is executed.
            </summary>
        </member>
        <member name="T:Torch.Server.Annotations.PureAttribute">
            <summary>
            Indicates that a method does not make any observable state changes.
            The same as <c>System.Diagnostics.Contracts.PureAttribute</c>.
            </summary>
            <example><code>
            [Pure] int Multiply(int x, int y) => x * y;
            
            void M() {
              Multiply(123, 42); // Waring: Return value of pure method is not used
            }
            </code></example>
        </member>
        <member name="T:Torch.Server.Annotations.MustUseReturnValueAttribute">
            <summary>
            Indicates that the return value of method invocation must be used.
            </summary>
        </member>
        <member name="T:Torch.Server.Annotations.ProvidesContextAttribute">
            <summary>
            Indicates the type member or parameter of some type, that should be used instead of all other ways
            to get the value that type. This annotation is useful when you have some "context" value evaluated
            and stored somewhere, meaning that all other ways to get this value must be consolidated with existing one.
            </summary>
            <example><code>
            class Foo {
              [ProvidesContext] IBarService _barService = ...;
            
              void ProcessNode(INode node) {
                DoSomething(node, node.GetGlobalServices().Bar);
                //              ^ Warning: use value of '_barService' field
              }
            }
            </code></example>
        </member>
        <member name="T:Torch.Server.Annotations.PathReferenceAttribute">
            <summary>
            Indicates that a parameter is a path to a file or a folder within a web project.
            Path can be relative or absolute, starting from web root (~).
            </summary>
        </member>
        <member name="T:Torch.Server.Annotations.SourceTemplateAttribute">
            <summary>
            An extension method marked with this attribute is processed by ReSharper code completion
            as a 'Source Template'. When extension method is completed over some expression, it's source code
            is automatically expanded like a template at call site.
            </summary>
            <remarks>
            Template method body can contain valid source code and/or special comments starting with '$'.
            Text inside these comments is added as source code when the template is applied. Template parameters
            can be used either as additional method parameters or as identifiers wrapped in two '$' signs.
            Use the <see cref="T:Torch.Server.Annotations.MacroAttribute"/> attribute to specify macros for parameters.
            </remarks>
            <example>
            In this example, the 'forEach' method is a source template available over all values
            of enumerable types, producing ordinary C# 'foreach' statement and placing caret inside block:
            <code>
            [SourceTemplate]
            public static void forEach&lt;T&gt;(this IEnumerable&lt;T&gt; xs) {
              foreach (var x in xs) {
                 //$ $END$
              }
            }
            </code>
            </example>
        </member>
        <member name="T:Torch.Server.Annotations.MacroAttribute">
            <summary>
            Allows specifying a macro for a parameter of a <see cref="T:Torch.Server.Annotations.SourceTemplateAttribute">source template</see>.
            </summary>
            <remarks>
            You can apply the attribute on the whole method or on any of its additional parameters. The macro expression
            is defined in the <see cref="P:Torch.Server.Annotations.MacroAttribute.Expression"/> property. When applied on a method, the target
            template parameter is defined in the <see cref="P:Torch.Server.Annotations.MacroAttribute.Target"/> property. To apply the macro silently
            for the parameter, set the <see cref="P:Torch.Server.Annotations.MacroAttribute.Editable"/> property value = -1.
            </remarks>
            <example>
            Applying the attribute on a source template method:
            <code>
            [SourceTemplate, Macro(Target = "item", Expression = "suggestVariableName()")]
            public static void forEach&lt;T&gt;(this IEnumerable&lt;T&gt; collection) {
              foreach (var item in collection) {
                //$ $END$
              }
            }
            </code>
            Applying the attribute on a template method parameter:
            <code>
            [SourceTemplate]
            public static void something(this Entity x, [Macro(Expression = "guid()", Editable = -1)] string newguid) {
              /*$ var $x$Id = "$newguid$" + x.ToString();
              x.DoSomething($x$Id); */
            }
            </code>
            </example>
        </member>
        <member name="P:Torch.Server.Annotations.MacroAttribute.Expression">
            <summary>
            Allows specifying a macro that will be executed for a <see cref="T:Torch.Server.Annotations.SourceTemplateAttribute">source template</see>
            parameter when the template is expanded.
            </summary>
        </member>
        <member name="P:Torch.Server.Annotations.MacroAttribute.Editable">
            <summary>
            Allows specifying which occurrence of the target parameter becomes editable when the template is deployed.
            </summary>
            <remarks>
            If the target parameter is used several times in the template, only one occurrence becomes editable;
            other occurrences are changed synchronously. To specify the zero-based index of the editable occurrence,
            use values >= 0. To make the parameter non-editable when the template is expanded, use -1.
            </remarks>>
        </member>
        <member name="P:Torch.Server.Annotations.MacroAttribute.Target">
            <summary>
            Identifies the target parameter of a <see cref="T:Torch.Server.Annotations.SourceTemplateAttribute">source template</see> if the
            <see cref="T:Torch.Server.Annotations.MacroAttribute"/> is applied on a template method.
            </summary>
        </member>
        <member name="T:Torch.Server.Annotations.AspMvcActionAttribute">
            <summary>
            ASP.NET MVC attribute. If applied to a parameter, indicates that the parameter
            is an MVC action. If applied to a method, the MVC action name is calculated
            implicitly from the context. Use this attribute for custom wrappers similar to
            <c>System.Web.Mvc.Html.ChildActionExtensions.RenderAction(HtmlHelper, String)</c>.
            </summary>
        </member>
        <member name="T:Torch.Server.Annotations.AspMvcAreaAttribute">
            <summary>
            ASP.NET MVC attribute. Indicates that a parameter is an MVC area.
            Use this attribute for custom wrappers similar to
            <c>System.Web.Mvc.Html.ChildActionExtensions.RenderAction(HtmlHelper, String)</c>.
            </summary>
        </member>
        <member name="T:Torch.Server.Annotations.AspMvcControllerAttribute">
            <summary>
            ASP.NET MVC attribute. If applied to a parameter, indicates that the parameter is
            an MVC controller. If applied to a method, the MVC controller name is calculated
            implicitly from the context. Use this attribute for custom wrappers similar to
            <c>System.Web.Mvc.Html.ChildActionExtensions.RenderAction(HtmlHelper, String, String)</c>.
            </summary>
        </member>
        <member name="T:Torch.Server.Annotations.AspMvcMasterAttribute">
            <summary>
            ASP.NET MVC attribute. Indicates that a parameter is an MVC Master. Use this attribute
            for custom wrappers similar to <c>System.Web.Mvc.Controller.View(String, String)</c>.
            </summary>
        </member>
        <member name="T:Torch.Server.Annotations.AspMvcModelTypeAttribute">
            <summary>
            ASP.NET MVC attribute. Indicates that a parameter is an MVC model type. Use this attribute
            for custom wrappers similar to <c>System.Web.Mvc.Controller.View(String, Object)</c>.
            </summary>
        </member>
        <member name="T:Torch.Server.Annotations.AspMvcPartialViewAttribute">
            <summary>
            ASP.NET MVC attribute. If applied to a parameter, indicates that the parameter is an MVC
            partial view. If applied to a method, the MVC partial view name is calculated implicitly
            from the context. Use this attribute for custom wrappers similar to
            <c>System.Web.Mvc.Html.RenderPartialExtensions.RenderPartial(HtmlHelper, String)</c>.
            </summary>
        </member>
        <member name="T:Torch.Server.Annotations.AspMvcSuppressViewErrorAttribute">
            <summary>
            ASP.NET MVC attribute. Allows disabling inspections for MVC views within a class or a method.
            </summary>
        </member>
        <member name="T:Torch.Server.Annotations.AspMvcDisplayTemplateAttribute">
            <summary>
            ASP.NET MVC attribute. Indicates that a parameter is an MVC display template.
            Use this attribute for custom wrappers similar to 
            <c>System.Web.Mvc.Html.DisplayExtensions.DisplayForModel(HtmlHelper, String)</c>.
            </summary>
        </member>
        <member name="T:Torch.Server.Annotations.AspMvcEditorTemplateAttribute">
            <summary>
            ASP.NET MVC attribute. Indicates that a parameter is an MVC editor template.
            Use this attribute for custom wrappers similar to
            <c>System.Web.Mvc.Html.EditorExtensions.EditorForModel(HtmlHelper, String)</c>.
            </summary>
        </member>
        <member name="T:Torch.Server.Annotations.AspMvcTemplateAttribute">
            <summary>
            ASP.NET MVC attribute. Indicates that a parameter is an MVC template.
            Use this attribute for custom wrappers similar to
            <c>System.ComponentModel.DataAnnotations.UIHintAttribute(System.String)</c>.
            </summary>
        </member>
        <member name="T:Torch.Server.Annotations.AspMvcViewAttribute">
            <summary>
            ASP.NET MVC attribute. If applied to a parameter, indicates that the parameter
            is an MVC view component. If applied to a method, the MVC view name is calculated implicitly
            from the context. Use this attribute for custom wrappers similar to
            <c>System.Web.Mvc.Controller.View(Object)</c>.
            </summary>
        </member>
        <member name="T:Torch.Server.Annotations.AspMvcViewComponentAttribute">
            <summary>
            ASP.NET MVC attribute. If applied to a parameter, indicates that the parameter
            is an MVC view component name.
            </summary>
        </member>
        <member name="T:Torch.Server.Annotations.AspMvcViewComponentViewAttribute">
            <summary>
            ASP.NET MVC attribute. If applied to a parameter, indicates that the parameter
            is an MVC view component view. If applied to a method, the MVC view component view name is default.
            </summary>
        </member>
        <member name="T:Torch.Server.Annotations.AspMvcActionSelectorAttribute">
            <summary>
            ASP.NET MVC attribute. When applied to a parameter of an attribute,
            indicates that this parameter is an MVC action name.
            </summary>
            <example><code>
            [ActionName("Foo")]
            public ActionResult Login(string returnUrl) {
              ViewBag.ReturnUrl = Url.Action("Foo"); // OK
              return RedirectToAction("Bar"); // Error: Cannot resolve action
            }
            </code></example>
        </member>
        <member name="T:Torch.Server.Annotations.RazorSectionAttribute">
            <summary>
            Razor attribute. Indicates that a parameter or a method is a Razor section.
            Use this attribute for custom wrappers similar to 
            <c>System.Web.WebPages.WebPageBase.RenderSection(String)</c>.
            </summary>
        </member>
        <member name="T:Torch.Server.Annotations.CollectionAccessAttribute">
            <summary>
            Indicates how method, constructor invocation or property access
            over collection type affects content of the collection.
            </summary>
        </member>
        <member name="F:Torch.Server.Annotations.CollectionAccessType.None">
            <summary>Method does not use or modify content of the collection.</summary>
        </member>
        <member name="F:Torch.Server.Annotations.CollectionAccessType.Read">
            <summary>Method only reads content of the collection but does not modify it.</summary>
        </member>
        <member name="F:Torch.Server.Annotations.CollectionAccessType.ModifyExistingContent">
            <summary>Method can change content of the collection but does not add new elements.</summary>
        </member>
        <member name="F:Torch.Server.Annotations.CollectionAccessType.UpdatedContent">
            <summary>Method can add new elements to the collection.</summary>
        </member>
        <member name="T:Torch.Server.Annotations.AssertionMethodAttribute">
            <summary>
            Indicates that the marked method is assertion method, i.e. it halts control flow if
            one of the conditions is satisfied. To set the condition, mark one of the parameters with 
            <see cref="T:Torch.Server.Annotations.AssertionConditionAttribute"/> attribute.
            </summary>
        </member>
        <member name="T:Torch.Server.Annotations.AssertionConditionAttribute">
            <summary>
            Indicates the condition parameter of the assertion method. The method itself should be
            marked by <see cref="T:Torch.Server.Annotations.AssertionMethodAttribute"/> attribute. The mandatory argument of
            the attribute is the assertion type.
            </summary>
        </member>
        <member name="T:Torch.Server.Annotations.AssertionConditionType">
            <summary>
            Specifies assertion type. If the assertion method argument satisfies the condition,
            then the execution continues. Otherwise, execution is assumed to be halted.
            </summary>
        </member>
        <member name="F:Torch.Server.Annotations.AssertionConditionType.IS_TRUE">
            <summary>Marked parameter should be evaluated to true.</summary>
        </member>
        <member name="F:Torch.Server.Annotations.AssertionConditionType.IS_FALSE">
            <summary>Marked parameter should be evaluated to false.</summary>
        </member>
        <member name="F:Torch.Server.Annotations.AssertionConditionType.IS_NULL">
            <summary>Marked parameter should be evaluated to null value.</summary>
        </member>
        <member name="F:Torch.Server.Annotations.AssertionConditionType.IS_NOT_NULL">
            <summary>Marked parameter should be evaluated to not null value.</summary>
        </member>
        <member name="T:Torch.Server.Annotations.TerminatesProgramAttribute">
            <summary>
            Indicates that the marked method unconditionally terminates control flow execution.
            For example, it could unconditionally throw exception.
            </summary>
        </member>
        <member name="T:Torch.Server.Annotations.LinqTunnelAttribute">
            <summary>
            Indicates that method is pure LINQ method, with postponed enumeration (like Enumerable.Select,
            .Where). This annotation allows inference of [InstantHandle] annotation for parameters
            of delegate type by analyzing LINQ method chains.
            </summary>
        </member>
        <member name="T:Torch.Server.Annotations.NoEnumerationAttribute">
            <summary>
            Indicates that IEnumerable, passed as parameter, is not enumerated.
            </summary>
        </member>
        <member name="T:Torch.Server.Annotations.RegexPatternAttribute">
            <summary>
            Indicates that parameter is regular expression pattern.
            </summary>
        </member>
        <member name="T:Torch.Server.Annotations.NoReorderAttribute">
            <summary>
            Prevents the Member Reordering feature from tossing members of the marked class.
            </summary>
            <remarks>
            The attribute must be mentioned in your member reordering patterns
            </remarks>
        </member>
        <member name="T:Torch.Server.Annotations.XamlItemsControlAttribute">
            <summary>
            XAML attribute. Indicates the type that has <c>ItemsSource</c> property and should be treated
            as <c>ItemsControl</c>-derived type, to enable inner items <c>DataContext</c> type resolve.
            </summary>
        </member>
        <member name="T:Torch.Server.Annotations.XamlItemBindingOfItemsControlAttribute">
            <summary>
            XAML attribute. Indicates the property of some <c>BindingBase</c>-derived type, that
            is used to bind some item of <c>ItemsControl</c>-derived type. This annotation will
            enable the <c>DataContext</c> type resolve for XAML bindings for such properties.
            </summary>
            <remarks>
            Property should have the tree ancestor of the <c>ItemsControl</c> type or
            marked with the <see cref="T:Torch.Server.Annotations.XamlItemsControlAttribute"/> attribute.
            </remarks>
        </member>
        <member name="P:Torch.Server.TorchConfig.InstanceName">
            <inheritdoc />
        </member>
        <member name="P:Torch.Server.TorchConfig.InstancePath">
            <inheritdoc />
        </member>
        <member name="P:Torch.Server.TorchConfig.NoUpdate">
            <inheritdoc />
        </member>
        <member name="P:Torch.Server.TorchConfig.ForceUpdate">
            <inheritdoc />
        </member>
        <member name="P:Torch.Server.TorchConfig.Autostart">
            <summary>
            Permanent flag to ALWAYS automatically start the server
            </summary>
        </member>
        <member name="P:Torch.Server.TorchConfig.TempAutostart">
            <summary>
            Temporary flag to automatically start the server only on the next run
            </summary>
        </member>
        <member name="P:Torch.Server.TorchConfig.RestartOnCrash">
            <inheritdoc />
        </member>
        <member name="P:Torch.Server.TorchConfig.RestartOnGameUpdate">
            <summary>
            Enable Game update detection. If enabled, server will restart when game updates are found.
            </summary>
        </member>
        <member name="P:Torch.Server.TorchConfig.GameUpdateRestartDelayMins">
            <summary>
            How long (in minutes) to wait before restarting after a game update is detected.
            </summary>
        </member>
        <member name="P:Torch.Server.TorchConfig.NoGui">
            <inheritdoc />
        </member>
        <member name="P:Torch.Server.TorchConfig.WaitForPID">
            <inheritdoc />
        </member>
        <member name="P:Torch.Server.TorchConfig.GetTorchUpdates">
            <inheritdoc />
        </member>
        <member name="P:Torch.Server.TorchConfig.GetPluginUpdates">
            <inheritdoc />
        </member>
        <member name="P:Torch.Server.TorchConfig.BypassIsReloadableFlag">
            <inheritdoc />
        </member>
        <member name="P:Torch.Server.TorchConfig.TickTimeout">
            <inheritdoc />
        </member>
        <member name="P:Torch.Server.TorchConfig.Plugins">
            <inheritdoc />
        </member>
        <member name="M:Torch.Server.TorchService.OnStart(System.String[])">
            <inheritdoc />
        </member>
        <member name="M:Torch.Server.TorchService.OnStop">
            <inheritdoc />
        </member>
        <member name="M:Torch.Server.TorchServiceInstaller.Install(System.Collections.IDictionary)">
            <inheritdoc />
        </member>
        <member name="M:Torch.Server.TorchServiceInstaller.Uninstall(System.Collections.IDictionary)">
            <inheritdoc />
        </member>
        <member name="P:Torch.Server.ViewModels.Blocks.BlockViewModel.Position">
            <inheritdoc />
        </member>
        <member name="M:Torch.Server.ViewModels.Blocks.BlockViewModel.Delete">
            <inheritdoc />
        </member>
        <member name="P:Torch.Server.ViewModels.Entities.EntityControlViewModel.Hide">
            <summary>
            Should this element be forced into the <see cref="F:System.Windows.Visibility.Collapsed"/>
            </summary>
        </member>
        <member name="T:Torch.Server.ViewModels.ModItemInfo">
            <summary>
            Wrapper around VRage.Game.Objectbuilder_Checkpoint.ModItem 
            that holds additional meta information
            (e.g. workshop description)
            </summary>
        </member>
        <member name="P:Torch.Server.ViewModels.ModItemInfo.FriendlyName">
            <summary>
            Human friendly name of the mod
            </summary>
        </member>
        <member name="P:Torch.Server.ViewModels.ModItemInfo.PublishedFileId">
            <summary>
            Workshop ID of the mod
            </summary>
        </member>
        <member name="P:Torch.Server.ViewModels.ModItemInfo.Name">
            <summary>
            Local filename of the mod
            </summary>
        </member>
        <member name="P:Torch.Server.ViewModels.ModItemInfo.IsDependency">
            <summary>
            Whether or not the mod was added
            because another mod depends on it
            </summary>
        </member>
        <member name="P:Torch.Server.ViewModels.ModItemInfo.Description">
            <summary>
            Workshop description of the mod
            </summary>
        </member>
        <member name="M:Torch.Server.ViewModels.ModItemInfo.#ctor(VRage.Game.MyObjectBuilder_Checkpoint.ModItem)">
            <summary>
            Constructor, returns a new ModItemInfo instance
            </summary>
            <param name="mod">The wrapped mod</param>
        </member>
        <member name="M:Torch.Server.ViewModels.ModItemInfo.UpdateModInfoAsync">
            <summary>
            Retrieve information about the
            wrapped mod from the workhop asynchronously
            via the Steam web API.
            </summary>
            <returns></returns>
        </member>
        <member name="P:Torch.Server.ViewModels.SessionSettingsViewModel.WorldSizeKm">
            <summary>
            Size of the edge of the world area cube.
            Don't use directly, as it is error-prone (it's km instead of m and edge size instead of half-extent)
            Rather use MyEntities.WorldHalfExtent()
            </summary>
        </member>
        <member name="M:Torch.Server.Views.Converters.ListConverter.Convert(System.Object,System.Type,System.Object,System.Globalization.CultureInfo)">
            <inheritdoc />
        </member>
        <member name="M:Torch.Server.Views.Converters.ListConverter.ConvertBack(System.Object,System.Type,System.Object,System.Globalization.CultureInfo)">
            <inheritdoc />
        </member>
        <member name="M:Torch.Server.Views.Converters.ListConverterWorkshopId.Convert(System.Object,System.Type,System.Object,System.Globalization.CultureInfo)">
            <summary>
            Converts a list of ModItemInfo objects into a list of their workshop IDs (PublishedFileIds).
            </summary>
            <param name="valueList">
            Expected to contain a list of ModItemInfo objects
            </param>
            <param name="targetType">This parameter will be ignored</param>
            <param name="parameter">This parameter will be ignored</param>
            <param name="culture"> This parameter will be ignored</param>
            <returns>A string containing the workshop ids of all mods, one per line</returns>
        </member>
        <member name="M:Torch.Server.Views.Converters.ListConverterWorkshopId.ConvertBack(System.Object,System.Type,System.Object,System.Globalization.CultureInfo)">
            <summary>
            Converts a list of workshop ids into a list of ModItemInfo objects
            </summary>
            <param name="value">A string containing workshop ids separated by new lines</param>
            <param name="targetType">This parameter will be ignored</param>
            <param name="parameter">
            A list of ModItemInfos which should 
            contain the requestted mods
            (or they will be dropped)
            </param>
            <param name="culture">This parameter will be ignored</param>
            <returns>A list of ModItemInfo objects</returns>
        </member>
        <member name="T:Torch.Server.Views.Converters.ModToListIdConverter">
            <summary>
            A converter to get the index of a ModItemInfo object within a collection of ModItemInfo objects
            </summary>
        </member>
        <member name="M:Torch.Server.Views.Converters.ModToListIdConverter.Convert(System.Object[],System.Type,System.Object,System.Globalization.CultureInfo)">
            <summary>
            Converts a ModItemInfo object into its index within a Collection of ModItemInfo objects
            </summary>
            <param name="values">
            Expected to contain a ModItemInfo object at index 0
            and a Collection of ModItemInfo objects at index 1
            </param>
            <param name="targetType">This parameter will be ignored</param>
            <param name="parameter">This parameter will be ignored</param>
            <param name="culture"> This parameter will be ignored</param>
            <returns>the index of the mod within the provided mod list.</returns>
        </member>
        <member name="M:Torch.Server.Views.Converters.ModToListIdConverter.ConvertBack(System.Object,System.Type[],System.Object,System.Globalization.CultureInfo)">
            <summary>
            It is not supported to reverse this converter
            </summary>
            <param name="values"></param>
            <param name="targetType"></param>
            <param name="parameter"></param>
            <param name="culture"></param>
            <returns>Raises a NotSupportedException</returns>
        </member>
        <member name="M:Torch.Server.Views.Converters.Vector3DConverter.Convert(System.Object,System.Type,System.Object,System.Globalization.CultureInfo)">
            <inheritdoc />
        </member>
        <member name="M:Torch.Server.Views.Converters.Vector3DConverter.ConvertBack(System.Object,System.Type,System.Object,System.Globalization.CultureInfo)">
            <inheritdoc />
        </member>
        <member name="M:Torch.Server.Views.Converters.StringBuilderConverter.Convert(System.Object,System.Type,System.Object,System.Globalization.CultureInfo)">
            <inheritdoc />
        </member>
        <member name="M:Torch.Server.Views.Converters.StringBuilderConverter.ConvertBack(System.Object,System.Type,System.Object,System.Globalization.CultureInfo)">
            <inheritdoc />
        </member>
        <member name="M:Torch.Server.Views.Converters.StringIdConverter.Convert(System.Object,System.Type,System.Object,System.Globalization.CultureInfo)">
            <inheritdoc />
        </member>
        <member name="M:Torch.Server.Views.Converters.StringIdConverter.ConvertBack(System.Object,System.Type,System.Object,System.Globalization.CultureInfo)">
            <inheritdoc />
        </member>
        <member name="T:Torch.Server.Views.Entities.CharacterView">
            <summary>
            Interaction logic for GridView.xaml
            </summary>
            <summary>
            CharacterView
            </summary>
        </member>
        <member name="M:Torch.Server.Views.Entities.CharacterView.InitializeComponent">
            <summary>
            InitializeComponent
            </summary>
        </member>
        <member name="T:Torch.Server.Views.Entities.EntityControlHost">
            <summary>
            Interaction logic for EntityControlHost.xaml
            </summary>
            <summary>
            EntityControlHost
            </summary>
        </member>
        <member name="M:Torch.Server.Views.Entities.EntityControlHost.InitializeComponent">
            <summary>
            InitializeComponent
            </summary>
        </member>
        <member name="T:Torch.Server.Views.Entities.EntityControlsView">
            <summary>
            Interaction logic for EntityControlsView.xaml
            </summary>
            <summary>
            EntityControlsView
            </summary>
        </member>
        <member name="M:Torch.Server.Views.Entities.EntityControlsView.InitializeComponent">
            <summary>
            InitializeComponent
            </summary>
        </member>
        <member name="T:Torch.Server.Views.Entities.GridView">
            <summary>
            Interaction logic for GridView.xaml
            </summary>
            <summary>
            GridView
            </summary>
        </member>
        <member name="M:Torch.Server.Views.Entities.GridView.InitializeComponent">
            <summary>
            InitializeComponent
            </summary>
        </member>
        <member name="T:Torch.Server.Views.Entities.VoxelMapView">
            <summary>
            Interaction logic for VoxelMapView.xaml
            </summary>
            <summary>
            VoxelMapView
            </summary>
        </member>
        <member name="M:Torch.Server.Views.Entities.VoxelMapView.InitializeComponent">
            <summary>
            InitializeComponent
            </summary>
        </member>
        <member name="T:Torch.Server.Views.LogEventViewer">
            <summary>
            LogEventViewer
            </summary>
        </member>
        <member name="M:Torch.Server.Views.LogEventViewer.InitializeComponent">
            <summary>
            InitializeComponent
            </summary>
        </member>
        <member name="T:Torch.Server.Views.LogMessageWindow">
            <summary>
            LogMessageWindow
            </summary>
        </member>
        <member name="M:Torch.Server.Views.LogMessageWindow.InitializeComponent">
            <summary>
            InitializeComponent
            </summary>
        </member>
        <member name="T:Torch.Server.Views.ModListControl">
            <summary>
            Interaction logic for ModListControl.xaml
            </summary>
            <summary>
            ModListControl
            </summary>
        </member>
        <member name="M:Torch.Server.Views.ModListControl.#ctor">
            <summary>
            Constructor for ModListControl 
            </summary>
        </member>
        <member name="M:Torch.Server.Views.ModListControl.InitializeComponent">
            <summary>
            InitializeComponent
            </summary>
        </member>
        <member name="T:Torch.Server.Views.PluginBrowser">
            <summary>
            Interaction logic for PluginBrowser.xaml
            </summary>
            <summary>
            PluginBrowser
            </summary>
        </member>
        <member name="M:Torch.Server.Views.PluginBrowser.InitializeComponent">
            <summary>
            InitializeComponent
            </summary>
        </member>
        <member name="T:Torch.Server.Views.PluginDownloader">
            <summary>
            Interaction logic for PluginDownloadProgressBar.xaml
            </summary>
            <summary>
            PluginDownloader
            </summary>
        </member>
        <member name="M:Torch.Server.Views.PluginDownloader.InitializeComponent">
            <summary>
            InitializeComponent
            </summary>
        </member>
        <member name="T:Torch.Server.Views.RoleEditor">
            <summary>
            Interaction logic for RoleEditor.xaml
            </summary>
            <summary>
            RoleEditor
            </summary>
        </member>
        <member name="M:Torch.Server.Views.RoleEditor.InitializeComponent">
            <summary>
            InitializeComponent
            </summary>
        </member>
        <member name="T:Torch.Server.Views.ThemeControl">
            <summary>
            Interaction logic for ThemeControl.xaml
            </summary>
            <summary>
            ThemeControl
            </summary>
        </member>
        <member name="F:Torch.Server.Views.ThemeControl.UpdateDynamicControls">
            <summary>
            Action other views can subscribe to to update their views if they dont inherit the style from the window for some reason.
            </summary>
        </member>
        <member name="F:Torch.Server.Views.ThemeControl.currentTheme">
            <summary>
            Current theme other views can set their theme to when they first spawn
            </summary>
        </member>
        <member name="F:Torch.Server.Views.ThemeControl.uiSource">
            <summary>
            The current torch window and config.
            </summary>
        </member>
        <member name="P:Torch.Server.Views.ThemeControl.Themes">
            <summary>
            List of available themes
            </summary>
        </member>
        <member name="M:Torch.Server.Views.ThemeControl.InitializeComponent">
            <summary>
            InitializeComponent
            </summary>
        </member>
        <member name="M:Torch.Server.Views.ValidationRules.ListConverterValidationRule.Validate(System.Object,System.Globalization.CultureInfo)">
            <inheritdoc />
        </member>
        <member name="M:Torch.Server.Views.ValidationRules.NumberValidationRule.Validate(System.Object,System.Globalization.CultureInfo)">
            <inheritdoc />
        </member>
        <member name="T:Torch.Server.Views.Blocks.BlockView">
            <summary>
            Interaction logic for BlockView.xaml
            </summary>
            <summary>
            BlockView
            </summary>
        </member>
        <member name="M:Torch.Server.Views.Blocks.BlockView.InitializeComponent">
            <summary>
            InitializeComponent
            </summary>
        </member>
        <member name="T:Torch.Server.Views.Blocks.PropertyView">
            <summary>
            Interaction logic for PropertyView.xaml
            </summary>
            <summary>
            PropertyView
            </summary>
        </member>
        <member name="M:Torch.Server.Views.Blocks.PropertyView.InitializeComponent">
            <summary>
            InitializeComponent
            </summary>
        </member>
        <member name="T:Torch.Server.Views.ConfigControl">
            <summary>
            Interaction logic for ConfigControl.xaml
            </summary>
            <summary>
            ConfigControl
            </summary>
        </member>
        <member name="M:Torch.Server.Views.ConfigControl.InitializeComponent">
            <summary>
            InitializeComponent
            </summary>
        </member>
        <member name="T:Torch.Server.Views.EntitiesControl">
            <summary>
            Interaction logic for EntitiesControl.xaml
            </summary>
            <summary>
            EntitiesControl
            </summary>
        </member>
        <member name="M:Torch.Server.Views.EntitiesControl.InitializeComponent">
            <summary>
            InitializeComponent
            </summary>
        </member>
        <member name="T:Torch.Server.Views.PluginsControl">
            <summary>
            Interaction logic for PluginsControl.xaml
            </summary>
            <summary>
            PluginsControl
            </summary>
        </member>
        <member name="M:Torch.Server.Views.PluginsControl.InitializeComponent">
            <summary>
            InitializeComponent
            </summary>
        </member>
        <member name="T:Torch.Server.Views.SessionSettingsView">
            <summary>
            Interaction logic for SessionSettingsView.xaml
            </summary>
            <summary>
            SessionSettingsView
            </summary>
        </member>
        <member name="M:Torch.Server.Views.SessionSettingsView.InitializeComponent">
            <summary>
            InitializeComponent
            </summary>
        </member>
        <member name="T:Torch.Server.AddModsDialog">
            <summary>
            Interaction logic for AddModsDialog.xaml
            </summary>
            <summary>
            AddModsDialog
            </summary>
        </member>
        <member name="M:Torch.Server.AddModsDialog.InitializeComponent">
            <summary>
            InitializeComponent
            </summary>
        </member>
        <member name="T:Torch.Server.ChatControl">
            <summary>
            Interaction logic for ChatControl.xaml
            </summary>
            <summary>
            ChatControl
            </summary>
        </member>
        <member name="M:Torch.Server.ChatControl.InitializeComponent">
            <summary>
            InitializeComponent
            </summary>
        </member>
        <member name="T:Torch.Server.ModsControl">
            <summary>
            Interaction logic for ModsControl.xaml
            </summary>
            <summary>
            ModsControl
            </summary>
        </member>
        <member name="M:Torch.Server.ModsControl.InitializeComponent">
            <summary>
            InitializeComponent
            </summary>
        </member>
        <member name="T:Torch.Server.TorchUI">
            <summary>
            Interaction logic for TorchUI.xaml
            </summary>
            <summary>
            TorchUI
            </summary>
        </member>
        <member name="F:Torch.Server.TorchUI.ConsoleText">
            <summary>
            ConsoleText Name Field
            </summary>
        </member>
        <member name="M:Torch.Server.TorchUI.InitializeComponent">
            <summary>
            InitializeComponent
            </summary>
        </member>
        <member name="T:Torch.Server.PlayerListControl">
            <summary>
            Interaction logic for PlayerListControl.xaml
            </summary>
            <summary>
            PlayerListControl
            </summary>
        </member>
        <member name="M:Torch.Server.PlayerListControl.InitializeComponent">
            <summary>
            InitializeComponent
            </summary>
        </member>
        <member name="M:Torch.Server.Program.Main(System.String[])">
            <remarks>
            This method must *NOT* load any types/assemblies from the vanilla game, otherwise automatic updates will fail.
            </remarks>
        </member>
        <member name="M:Torch.Server.TorchServer.#ctor(Torch.Server.TorchConfig)">
            <inheritdoc />
        </member>
        <member name="P:Torch.Server.TorchServer.SimulationRatio">
            <inheritdoc />
        </member>
        <member name="P:Torch.Server.TorchServer.ElapsedPlayTime">
            <inheritdoc />
        </member>
        <member name="P:Torch.Server.TorchServer.GameThread">
            <inheritdoc />
        </member>
        <member name="P:Torch.Server.TorchServer.IsRunning">
            <inheritdoc />
        </member>
        <member name="P:Torch.Server.TorchServer.DedicatedInstance">
            <inheritdoc />
        </member>
        <member name="P:Torch.Server.TorchServer.InstanceName">
            <inheritdoc />
        </member>
        <member name="P:Torch.Server.TorchServer.SteamAppId">
            <inheritdoc />
        </member>
        <member name="P:Torch.Server.TorchServer.SteamAppName">
            <inheritdoc />
        </member>
        <member name="P:Torch.Server.TorchServer.State">
            <inheritdoc />
        </member>
        <member name="P:Torch.Server.TorchServer.InstancePath">
            <inheritdoc />
        </member>
        <member name="M:Torch.Server.TorchServer.Init">
            <inheritdoc />
        </member>
        <member name="M:Torch.Server.TorchServer.Start">
            <inheritdoc />
        </member>
        <member name="M:Torch.Server.TorchServer.Stop">
            <inheritdoc />
        </member>
        <member name="M:Torch.Server.TorchServer.Restart(System.Boolean)">
            <summary>
                Restart the program.
            </summary>
        </member>
        <member name="M:Torch.Server.TorchServer.Init(System.Object)">
            <inheritdoc />
        </member>
        <member name="M:Torch.Server.TorchServer.Update">
            <inheritdoc />
        </member>
        <member name="T:Torch.Server.WorldGeneratorDialog">
            <summary>
            Interaction logic for WorldGeneratorDialog.xaml
            </summary>
            <summary>
            WorldGeneratorDialog
            </summary>
        </member>
        <member name="M:Torch.Server.WorldGeneratorDialog.InitializeComponent">
            <summary>
            InitializeComponent
            </summary>
        </member>
        <member name="T:Torch.Server.Properties.Resources">
            <summary>
              A strongly-typed resource class, for looking up localized strings, etc.
            </summary>
        </member>
        <member name="P:Torch.Server.Properties.Resources.ResourceManager">
            <summary>
              Returns the cached ResourceManager instance used by this class.
            </summary>
        </member>
        <member name="P:Torch.Server.Properties.Resources.Culture">
            <summary>
              Overrides the current thread's CurrentUICulture property for all
              resource lookups using this strongly typed resource class.
            </summary>
        </member>
        <member name="T:Torch.Managers.UpdateManager">
            <summary>
            Handles updating of the DS and Torch plugins.
            </summary>
        </member>
        <member name="M:Torch.Managers.UpdateManager.Attach">
            <inheritdoc />
        </member>
        <member name="M:Torch.Managers.UpdateManager.GetIsUpdating">
            <summary>
            Returns true if update data is being checked or processed.
            </summary>
            <returns></returns>
        </member>
        <member name="M:Torch.Managers.UpdateManager.Detach">
            <inheritdoc />
        </member>
        <member name="T:Torch.Patches.WorldLoadExceptionPatch">
            <summary>
            Patches MySandboxGame.InitQuickLaunch to rethrow exceptions caught during session load.
            </summary>
        </member>
        <member name="T:XamlGeneratedNamespace.GeneratedInternalTypeHelper">
            <summary>
            GeneratedInternalTypeHelper
            </summary>
        </member>
        <member name="M:XamlGeneratedNamespace.GeneratedInternalTypeHelper.CreateInstance(System.Type,System.Globalization.CultureInfo)">
            <summary>
            CreateInstance
            </summary>
        </member>
        <member name="M:XamlGeneratedNamespace.GeneratedInternalTypeHelper.GetPropertyValue(System.Reflection.PropertyInfo,System.Object,System.Globalization.CultureInfo)">
            <summary>
            GetPropertyValue
            </summary>
        </member>
        <member name="M:XamlGeneratedNamespace.GeneratedInternalTypeHelper.SetPropertyValue(System.Reflection.PropertyInfo,System.Object,System.Object,System.Globalization.CultureInfo)">
            <summary>
            SetPropertyValue
            </summary>
        </member>
        <member name="M:XamlGeneratedNamespace.GeneratedInternalTypeHelper.CreateDelegate(System.Type,System.Object,System.String)">
            <summary>
            CreateDelegate
            </summary>
        </member>
        <member name="M:XamlGeneratedNamespace.GeneratedInternalTypeHelper.AddEventHandler(System.Reflection.EventInfo,System.Object,System.Delegate)">
            <summary>
            AddEventHandler
            </summary>
        </member>
    </members>
</doc>
